mpi_procs;grid_tiles_x;grid_tiles_y;omp_threads;domain_size;n_iterations;disk_write_intensity;airflow;material_file;output_file;simulation_mode;middle_col_avg_temp;total_time;iteration_time
1;1;1;1;256;7812;50;0.001;/home/training/dd-21-22-303/PPP-barbora/scripts/input_data_256.h5;;seq;43.2791;2.68163;0.000343271
1;1;1;1;256;7812;50;0.001;/home/training/dd-21-22-303/PPP-barbora/scripts/input_data_256.h5;/scratch/project/dd-21-22/dd-21-22-303/605229.isrv1/256x256_out_hybrid_1d_seq.h5;seq;43.2791;2.80497;0.000359059
1;1;1;1;256;7812;50;0.001;/home/training/dd-21-22-303/PPP-barbora/scripts/input_data_256.h5;/scratch/project/dd-21-22/dd-21-22-303/605229.isrv1/256x256_out_hybrid_1d_seq.h5;seq;43.2791;2.80105;0.000358557
1;1;1;1;256;7812;50;0.001;/home/training/dd-21-22-303/PPP-barbora/scripts/input_data_256.h5;;seq;43.2791;2.68114;0.000343208
1;1;1;1;256;7812;50;0.001;/home/training/dd-21-22-303/PPP-barbora/scripts/input_data_256.h5;/scratch/project/dd-21-22/dd-21-22-303/605229.isrv1/256x256_out_hybrid_1d_seq.h5;seq;43.2791;2.79969;0.000358383
1;1;1;1;256;7812;50;0.001;/home/training/dd-21-22-303/PPP-barbora/scripts/input_data_256.h5;/scratch/project/dd-21-22/dd-21-22-303/605229.isrv1/256x256_out_hybrid_1d_seq.h5;seq;43.2791;2.80082;0.000358528
1;1;1;1;512;3906;50;0.001;/home/training/dd-21-22-303/PPP-barbora/scripts/input_data_512.h5;;seq;28.3819;5.44521;0.00139406
1;1;1;1;512;3906;50;0.001;/home/training/dd-21-22-303/PPP-barbora/scripts/input_data_512.h5;/scratch/project/dd-21-22/dd-21-22-303/605229.isrv1/512x512_out_hybrid_1d_seq.h5;seq;28.3819;5.66663;0.00145075
1;1;1;1;512;3906;50;0.001;/home/training/dd-21-22-303/PPP-barbora/scripts/input_data_512.h5;/scratch/project/dd-21-22/dd-21-22-303/605229.isrv1/512x512_out_hybrid_1d_seq.h5;seq;28.3819;5.66666;0.00145076
1;1;1;1;512;3906;50;0.001;/home/training/dd-21-22-303/PPP-barbora/scripts/input_data_512.h5;;seq;28.3819;5.44487;0.00139398
1;1;1;1;512;3906;50;0.001;/home/training/dd-21-22-303/PPP-barbora/scripts/input_data_512.h5;/scratch/project/dd-21-22/dd-21-22-303/605229.isrv1/512x512_out_hybrid_1d_seq.h5;seq;28.3819;5.66305;0.00144983
1;1;1;1;512;3906;50;0.001;/home/training/dd-21-22-303/PPP-barbora/scripts/input_data_512.h5;/scratch/project/dd-21-22/dd-21-22-303/605229.isrv1/512x512_out_hybrid_1d_seq.h5;seq;28.3819;5.6663;0.00145067
1;1;1;1;1024;1953;50;0.001;/home/training/dd-21-22-303/PPP-barbora/scripts/input_data_1024.h5;;seq;22.9999;13.2684;0.00679384
1;1;1;1;1024;1953;50;0.001;/home/training/dd-21-22-303/PPP-barbora/scripts/input_data_1024.h5;/scratch/project/dd-21-22/dd-21-22-303/605229.isrv1/1024x1024_out_hybrid_1d_seq.h5;seq;22.9999;13.9362;0.00713579
1;1;1;1;1024;1953;50;0.001;/home/training/dd-21-22-303/PPP-barbora/scripts/input_data_1024.h5;/scratch/project/dd-21-22/dd-21-22-303/605229.isrv1/1024x1024_out_hybrid_1d_seq.h5;seq;22.9999;13.7299;0.00703014
1;1;1;1;1024;1953;50;0.001;/home/training/dd-21-22-303/PPP-barbora/scripts/input_data_1024.h5;;seq;22.9999;13.2523;0.00678563
1;1;1;1;1024;1953;50;0.001;/home/training/dd-21-22-303/PPP-barbora/scripts/input_data_1024.h5;/scratch/project/dd-21-22/dd-21-22-303/605229.isrv1/1024x1024_out_hybrid_1d_seq.h5;seq;22.9999;13.7459;0.00703837
1;1;1;1;1024;1953;50;0.001;/home/training/dd-21-22-303/PPP-barbora/scripts/input_data_1024.h5;/scratch/project/dd-21-22/dd-21-22-303/605229.isrv1/1024x1024_out_hybrid_1d_seq.h5;seq;22.9999;13.8309;0.00708189
1;1;1;1;2048;976;50;0.001;/home/training/dd-21-22-303/PPP-barbora/scripts/input_data_2048.h5;;seq;21.0745;27.4967;0.0281728
1;1;1;1;2048;976;50;0.001;/home/training/dd-21-22-303/PPP-barbora/scripts/input_data_2048.h5;/scratch/project/dd-21-22/dd-21-22-303/605229.isrv1/2048x2048_out_hybrid_1d_seq.h5;seq;21.0745;27.9684;0.0286561
1;1;1;1;2048;976;50;0.001;/home/training/dd-21-22-303/PPP-barbora/scripts/input_data_2048.h5;/scratch/project/dd-21-22/dd-21-22-303/605229.isrv1/2048x2048_out_hybrid_1d_seq.h5;seq;21.0745;27.9336;0.0286205
1;1;1;1;2048;976;50;0.001;/home/training/dd-21-22-303/PPP-barbora/scripts/input_data_2048.h5;;seq;21.0745;27.034;0.0276988
1;1;1;1;2048;976;50;0.001;/home/training/dd-21-22-303/PPP-barbora/scripts/input_data_2048.h5;/scratch/project/dd-21-22/dd-21-22-303/605229.isrv1/2048x2048_out_hybrid_1d_seq.h5;seq;21.0745;27.9686;0.0286564
1;1;1;1;2048;976;50;0.001;/home/training/dd-21-22-303/PPP-barbora/scripts/input_data_2048.h5;/scratch/project/dd-21-22/dd-21-22-303/605229.isrv1/2048x2048_out_hybrid_1d_seq.h5;seq;21.0745;27.9777;0.0286657
1;1;1;1;4096;488;50;0.001;/home/training/dd-21-22-303/PPP-barbora/scripts/input_data_4096.h5;;seq;20.387;54.2117;0.111089
1;1;1;1;4096;488;50;0.001;/home/training/dd-21-22-303/PPP-barbora/scripts/input_data_4096.h5;/scratch/project/dd-21-22/dd-21-22-303/605229.isrv1/4096x4096_out_hybrid_1d_seq.h5;seq;20.387;56.013;0.114781
1;1;1;1;4096;488;50;0.001;/home/training/dd-21-22-303/PPP-barbora/scripts/input_data_4096.h5;/scratch/project/dd-21-22/dd-21-22-303/605229.isrv1/4096x4096_out_hybrid_1d_seq.h5;seq;20.387;56.0361;0.114828
1;1;1;1;4096;488;50;0.001;/home/training/dd-21-22-303/PPP-barbora/scripts/input_data_4096.h5;;seq;20.387;54.1391;0.110941
1;1;1;1;4096;488;50;0.001;/home/training/dd-21-22-303/PPP-barbora/scripts/input_data_4096.h5;/scratch/project/dd-21-22/dd-21-22-303/605229.isrv1/4096x4096_out_hybrid_1d_seq.h5;seq;20.387;56.0129;0.114781
1;1;1;1;4096;488;50;0.001;/home/training/dd-21-22-303/PPP-barbora/scripts/input_data_4096.h5;/scratch/project/dd-21-22/dd-21-22-303/605229.isrv1/4096x4096_out_hybrid_1d_seq.h5;seq;20.387;56.0293;0.114814
2;2;1;9;256;78125;50;0.001;/home/training/dd-21-22-303/PPP-barbora/scripts/input_data_256.h5;;par;29.8407;30.9356;0.000395975
2;2;1;9;256;78125;50;0.001;/home/training/dd-21-22-303/PPP-barbora/scripts/input_data_256.h5;/scratch/project/dd-21-22/dd-21-22-303/605229.isrv1/256x256_out_hybrid_1d_par.h5;par;29.8407;31.497;0.000403161
2;2;1;9;256;78125;50;0.001;/home/training/dd-21-22-303/PPP-barbora/scripts/input_data_256.h5;/scratch/project/dd-21-22/dd-21-22-303/605229.isrv1/256x256_out_hybrid_1d_par.h5;par;29.8407;32.4944;0.000415928
2;2;1;9;256;78125;50;0.001;/home/training/dd-21-22-303/PPP-barbora/scripts/input_data_256.h5;;par;29.8407;21.4762;0.000274895
2;2;1;9;256;78125;50;0.001;/home/training/dd-21-22-303/PPP-barbora/scripts/input_data_256.h5;/scratch/project/dd-21-22/dd-21-22-303/605229.isrv1/256x256_out_hybrid_1d_par.h5;par;29.8407;22.0042;0.000281654
2;2;1;9;256;78125;50;0.001;/home/training/dd-21-22-303/PPP-barbora/scripts/input_data_256.h5;/scratch/project/dd-21-22/dd-21-22-303/605229.isrv1/256x256_out_hybrid_1d_par.h5;par;29.8407;22.9365;0.000293587
2;2;1;9;512;39062;50;0.001;/home/training/dd-21-22-303/PPP-barbora/scripts/input_data_512.h5;;par;25.04;62.3199;0.00159541
2;2;1;9;512;39062;50;0.001;/home/training/dd-21-22-303/PPP-barbora/scripts/input_data_512.h5;/scratch/project/dd-21-22/dd-21-22-303/605229.isrv1/512x512_out_hybrid_1d_par.h5;par;25.04;62.9812;0.00161234
2;2;1;9;512;39062;50;0.001;/home/training/dd-21-22-303/PPP-barbora/scripts/input_data_512.h5;/scratch/project/dd-21-22/dd-21-22-303/605229.isrv1/512x512_out_hybrid_1d_par.h5;par;25.04;63.5148;0.001626
2;2;1;9;512;39062;50;0.001;/home/training/dd-21-22-303/PPP-barbora/scripts/input_data_512.h5;;par;25.04;42.719;0.00109362
2;2;1;9;512;39062;50;0.001;/home/training/dd-21-22-303/PPP-barbora/scripts/input_data_512.h5;/scratch/project/dd-21-22/dd-21-22-303/605229.isrv1/512x512_out_hybrid_1d_par.h5;par;25.04;43.3622;0.00111009
2;2;1;9;512;39062;50;0.001;/home/training/dd-21-22-303/PPP-barbora/scripts/input_data_512.h5;/scratch/project/dd-21-22/dd-21-22-303/605229.isrv1/512x512_out_hybrid_1d_par.h5;par;25.04;43.9243;0.00112448
2;2;1;9;1024;19531;50;0.001;/home/training/dd-21-22-303/PPP-barbora/scripts/input_data_1024.h5;;par;23.1731;125.03;0.00640162
2;2;1;9;1024;19531;50;0.001;/home/training/dd-21-22-303/PPP-barbora/scripts/input_data_1024.h5;/scratch/project/dd-21-22/dd-21-22-303/605229.isrv1/1024x1024_out_hybrid_1d_par.h5;par;23.1731;135.013;0.00691274
2;2;1;9;1024;19531;50;0.001;/home/training/dd-21-22-303/PPP-barbora/scripts/input_data_1024.h5;/scratch/project/dd-21-22/dd-21-22-303/605229.isrv1/1024x1024_out_hybrid_1d_par.h5;par;23.1731;138.309;0.00708152
2;2;1;9;1024;19531;50;0.001;/home/training/dd-21-22-303/PPP-barbora/scripts/input_data_1024.h5;;par;23.1729;88.2231;0.00451708
2;2;1;9;1024;19531;50;0.001;/home/training/dd-21-22-303/PPP-barbora/scripts/input_data_1024.h5;/scratch/project/dd-21-22/dd-21-22-303/605229.isrv1/1024x1024_out_hybrid_1d_par.h5;par;23.1729;89.4293;0.00457884
2;2;1;9;1024;19531;50;0.001;/home/training/dd-21-22-303/PPP-barbora/scripts/input_data_1024.h5;/scratch/project/dd-21-22/dd-21-22-303/605229.isrv1/1024x1024_out_hybrid_1d_par.h5;par;23.1729;89.7165;0.00459354
2;2;1;9;2048;9765;50;0.001;/home/training/dd-21-22-303/PPP-barbora/scripts/input_data_2048.h5;;par;22.4362;250.981;0.0257021
2;2;1;9;2048;9765;50;0.001;/home/training/dd-21-22-303/PPP-barbora/scripts/input_data_2048.h5;/scratch/project/dd-21-22/dd-21-22-303/605229.isrv1/2048x2048_out_hybrid_1d_par.h5;par;22.4362;253.815;0.0259923
2;2;1;9;2048;9765;50;0.001;/home/training/dd-21-22-303/PPP-barbora/scripts/input_data_2048.h5;/scratch/project/dd-21-22/dd-21-22-303/605229.isrv1/2048x2048_out_hybrid_1d_par.h5;par;22.4362;253.682;0.0259787
2;2;1;9;2048;9765;50;0.001;/home/training/dd-21-22-303/PPP-barbora/scripts/input_data_2048.h5;;par;22.3902;177.794;0.0182073
2;2;1;9;2048;9765;50;0.001;/home/training/dd-21-22-303/PPP-barbora/scripts/input_data_2048.h5;/scratch/project/dd-21-22/dd-21-22-303/605229.isrv1/2048x2048_out_hybrid_1d_par.h5;par;22.3902;180.657;0.0185005
2;2;1;9;2048;9765;50;0.001;/home/training/dd-21-22-303/PPP-barbora/scripts/input_data_2048.h5;/scratch/project/dd-21-22/dd-21-22-303/605229.isrv1/2048x2048_out_hybrid_1d_par.h5;par;22.3902;180.562;0.0184907
2;2;1;9;4096;4882;50;0.001;/home/training/dd-21-22-303/PPP-barbora/scripts/input_data_4096.h5;;par;21.5381;505.909;0.103627
2;2;1;9;4096;4882;50;0.001;/home/training/dd-21-22-303/PPP-barbora/scripts/input_data_4096.h5;/scratch/project/dd-21-22/dd-21-22-303/605229.isrv1/4096x4096_out_hybrid_1d_par.h5;par;21.5381;514.35;0.105356
2;2;1;9;4096;4882;50;0.001;/home/training/dd-21-22-303/PPP-barbora/scripts/input_data_4096.h5;/scratch/project/dd-21-22/dd-21-22-303/605229.isrv1/4096x4096_out_hybrid_1d_par.h5;par;21.5381;511.045;0.104679
2;2;1;9;4096;4882;50;0.001;/home/training/dd-21-22-303/PPP-barbora/scripts/input_data_4096.h5;;par;21.1828;358.844;0.0735034
2;2;1;9;4096;4882;50;0.001;/home/training/dd-21-22-303/PPP-barbora/scripts/input_data_4096.h5;/scratch/project/dd-21-22/dd-21-22-303/605229.isrv1/4096x4096_out_hybrid_1d_par.h5;par;21.1828;365.552;0.0748776
2;2;1;9;4096;4882;50;0.001;/home/training/dd-21-22-303/PPP-barbora/scripts/input_data_4096.h5;/scratch/project/dd-21-22/dd-21-22-303/605229.isrv1/4096x4096_out_hybrid_1d_par.h5;par;21.1828;363.687;0.0744954
4;4;1;9;256;78125;50;0.001;/home/training/dd-21-22-303/PPP-barbora/scripts/input_data_256.h5;;par;29.5611;15.9149;0.000203711
4;4;1;9;256;78125;50;0.001;/home/training/dd-21-22-303/PPP-barbora/scripts/input_data_256.h5;/scratch/project/dd-21-22/dd-21-22-303/605229.isrv1/256x256_out_hybrid_1d_par.h5;par;29.5611;16.3691;0.000209525
4;4;1;9;256;78125;50;0.001;/home/training/dd-21-22-303/PPP-barbora/scripts/input_data_256.h5;/scratch/project/dd-21-22/dd-21-22-303/605229.isrv1/256x256_out_hybrid_1d_par.h5;par;29.5611;17.3616;0.000222228
4;4;1;9;256;78125;50;0.001;/home/training/dd-21-22-303/PPP-barbora/scripts/input_data_256.h5;;par;29.5611;11.2103;0.000143492
4;4;1;9;256;78125;50;0.001;/home/training/dd-21-22-303/PPP-barbora/scripts/input_data_256.h5;/scratch/project/dd-21-22/dd-21-22-303/605229.isrv1/256x256_out_hybrid_1d_par.h5;par;29.5611;11.7301;0.000150145
4;4;1;9;256;78125;50;0.001;/home/training/dd-21-22-303/PPP-barbora/scripts/input_data_256.h5;/scratch/project/dd-21-22/dd-21-22-303/605229.isrv1/256x256_out_hybrid_1d_par.h5;par;29.5611;12.7627;0.000163363
4;4;1;9;512;39062;50;0.001;/home/training/dd-21-22-303/PPP-barbora/scripts/input_data_512.h5;;par;24.7488;31.5605;0.000807958
4;4;1;9;512;39062;50;0.001;/home/training/dd-21-22-303/PPP-barbora/scripts/input_data_512.h5;/scratch/project/dd-21-22/dd-21-22-303/605229.isrv1/512x512_out_hybrid_1d_par.h5;par;24.7488;32.2069;0.000824508
4;4;1;9;512;39062;50;0.001;/home/training/dd-21-22-303/PPP-barbora/scripts/input_data_512.h5;/scratch/project/dd-21-22/dd-21-22-303/605229.isrv1/512x512_out_hybrid_1d_par.h5;par;24.7488;32.7228;0.000837715
4;4;1;9;512;39062;50;0.001;/home/training/dd-21-22-303/PPP-barbora/scripts/input_data_512.h5;;par;24.7488;21.6877;0.000555211
4;4;1;9;512;39062;50;0.001;/home/training/dd-21-22-303/PPP-barbora/scripts/input_data_512.h5;/scratch/project/dd-21-22/dd-21-22-303/605229.isrv1/512x512_out_hybrid_1d_par.h5;par;24.7488;22.3286;0.000571618
4;4;1;9;512;39062;50;0.001;/home/training/dd-21-22-303/PPP-barbora/scripts/input_data_512.h5;/scratch/project/dd-21-22/dd-21-22-303/605229.isrv1/512x512_out_hybrid_1d_par.h5;par;24.7488;22.8887;0.000585959
4;4;1;9;1024;19531;50;0.001;/home/training/dd-21-22-303/PPP-barbora/scripts/input_data_1024.h5;;par;22.3309;63.0153;0.00322642
4;4;1;9;1024;19531;50;0.001;/home/training/dd-21-22-303/PPP-barbora/scripts/input_data_1024.h5;/scratch/project/dd-21-22/dd-21-22-303/605229.isrv1/1024x1024_out_hybrid_1d_par.h5;par;22.3309;64.5617;0.0033056
4;4;1;9;1024;19531;50;0.001;/home/training/dd-21-22-303/PPP-barbora/scripts/input_data_1024.h5;/scratch/project/dd-21-22/dd-21-22-303/605229.isrv1/1024x1024_out_hybrid_1d_par.h5;par;22.3309;64.6044;0.00330779
4;4;1;9;1024;19531;50;0.001;/home/training/dd-21-22-303/PPP-barbora/scripts/input_data_1024.h5;;par;22.3309;43.5115;0.00222782
4;4;1;9;1024;19531;50;0.001;/home/training/dd-21-22-303/PPP-barbora/scripts/input_data_1024.h5;/scratch/project/dd-21-22/dd-21-22-303/605229.isrv1/1024x1024_out_hybrid_1d_par.h5;par;22.3309;44.7356;0.00229049
4;4;1;9;1024;19531;50;0.001;/home/training/dd-21-22-303/PPP-barbora/scripts/input_data_1024.h5;/scratch/project/dd-21-22/dd-21-22-303/605229.isrv1/1024x1024_out_hybrid_1d_par.h5;par;22.3309;45.0553;0.00230686
4;4;1;9;2048;9765;50;0.001;/home/training/dd-21-22-303/PPP-barbora/scripts/input_data_2048.h5;;par;21.3236;126.249;0.0129288
4;4;1;9;2048;9765;50;0.001;/home/training/dd-21-22-303/PPP-barbora/scripts/input_data_2048.h5;/scratch/project/dd-21-22/dd-21-22-303/605229.isrv1/2048x2048_out_hybrid_1d_par.h5;par;21.3236;129.074;0.013218
4;4;1;9;2048;9765;50;0.001;/home/training/dd-21-22-303/PPP-barbora/scripts/input_data_2048.h5;/scratch/project/dd-21-22/dd-21-22-303/605229.isrv1/2048x2048_out_hybrid_1d_par.h5;par;21.3236;128.884;0.0131986
4;4;1;9;2048;9765;50;0.001;/home/training/dd-21-22-303/PPP-barbora/scripts/input_data_2048.h5;;par;21.3239;87.3554;0.00894576
4;4;1;9;2048;9765;50;0.001;/home/training/dd-21-22-303/PPP-barbora/scripts/input_data_2048.h5;/scratch/project/dd-21-22/dd-21-22-303/605229.isrv1/2048x2048_out_hybrid_1d_par.h5;par;21.3239;90.3815;0.00925566
4;4;1;9;2048;9765;50;0.001;/home/training/dd-21-22-303/PPP-barbora/scripts/input_data_2048.h5;/scratch/project/dd-21-22/dd-21-22-303/605229.isrv1/2048x2048_out_hybrid_1d_par.h5;par;21.3239;90.0123;0.00921785
4;4;1;9;4096;4882;50;0.001;/home/training/dd-21-22-303/PPP-barbora/scripts/input_data_4096.h5;;par;20.9357;254.729;0.0521771
4;4;1;9;4096;4882;50;0.001;/home/training/dd-21-22-303/PPP-barbora/scripts/input_data_4096.h5;/scratch/project/dd-21-22/dd-21-22-303/605229.isrv1/4096x4096_out_hybrid_1d_par.h5;par;20.9357;260.742;0.0534088
4;4;1;9;4096;4882;50;0.001;/home/training/dd-21-22-303/PPP-barbora/scripts/input_data_4096.h5;/scratch/project/dd-21-22/dd-21-22-303/605229.isrv1/4096x4096_out_hybrid_1d_par.h5;par;20.9357;259.355;0.0531247
4;4;1;9;4096;4882;50;0.001;/home/training/dd-21-22-303/PPP-barbora/scripts/input_data_4096.h5;;par;20.9113;179.851;0.0368396
4;4;1;9;4096;4882;50;0.001;/home/training/dd-21-22-303/PPP-barbora/scripts/input_data_4096.h5;/scratch/project/dd-21-22/dd-21-22-303/605229.isrv1/4096x4096_out_hybrid_1d_par.h5;par;20.9113;185.648;0.038027
4;4;1;9;4096;4882;50;0.001;/home/training/dd-21-22-303/PPP-barbora/scripts/input_data_4096.h5;/scratch/project/dd-21-22/dd-21-22-303/605229.isrv1/4096x4096_out_hybrid_1d_par.h5;par;20.9113;184.401;0.0377715
8;8;1;9;256;78125;50;0.001;/home/training/dd-21-22-303/PPP-barbora/scripts/input_data_256.h5;;par;29.5052;8.27827;0.000105962
8;8;1;9;256;78125;50;0.001;/home/training/dd-21-22-303/PPP-barbora/scripts/input_data_256.h5;/scratch/project/dd-21-22/dd-21-22-303/605229.isrv1/256x256_out_hybrid_1d_par.h5;par;29.5052;8.67093;0.000110988
8;8;1;9;256;78125;50;0.001;/home/training/dd-21-22-303/PPP-barbora/scripts/input_data_256.h5;/scratch/project/dd-21-22/dd-21-22-303/605229.isrv1/256x256_out_hybrid_1d_par.h5;par;29.5052;9.77187;0.00012508
8;8;1;9;256;78125;50;0.001;/home/training/dd-21-22-303/PPP-barbora/scripts/input_data_256.h5;;par;29.5052;5.95226;7.6189e-05
8;8;1;9;256;78125;50;0.001;/home/training/dd-21-22-303/PPP-barbora/scripts/input_data_256.h5;/scratch/project/dd-21-22/dd-21-22-303/605229.isrv1/256x256_out_hybrid_1d_par.h5;par;29.5052;6.41473;8.21086e-05
8;8;1;9;256;78125;50;0.001;/home/training/dd-21-22-303/PPP-barbora/scripts/input_data_256.h5;/scratch/project/dd-21-22/dd-21-22-303/605229.isrv1/256x256_out_hybrid_1d_par.h5;par;29.5052;7.57967;9.70198e-05
8;8;1;9;512;39062;50;0.001;/home/training/dd-21-22-303/PPP-barbora/scripts/input_data_512.h5;;par;24.7842;15.9431;0.00040815
8;8;1;9;512;39062;50;0.001;/home/training/dd-21-22-303/PPP-barbora/scripts/input_data_512.h5;/scratch/project/dd-21-22/dd-21-22-303/605229.isrv1/512x512_out_hybrid_1d_par.h5;par;24.7842;16.6378;0.000425934
8;8;1;9;512;39062;50;0.001;/home/training/dd-21-22-303/PPP-barbora/scripts/input_data_512.h5;/scratch/project/dd-21-22/dd-21-22-303/605229.isrv1/512x512_out_hybrid_1d_par.h5;par;24.7842;17.0893;0.000437491
8;8;1;9;512;39062;50;0.001;/home/training/dd-21-22-303/PPP-barbora/scripts/input_data_512.h5;;par;24.7842;11.0354;0.000282511
8;8;1;9;512;39062;50;0.001;/home/training/dd-21-22-303/PPP-barbora/scripts/input_data_512.h5;/scratch/project/dd-21-22/dd-21-22-303/605229.isrv1/512x512_out_hybrid_1d_par.h5;par;24.7842;11.7084;0.000299739
8;8;1;9;512;39062;50;0.001;/home/training/dd-21-22-303/PPP-barbora/scripts/input_data_512.h5;/scratch/project/dd-21-22/dd-21-22-303/605229.isrv1/512x512_out_hybrid_1d_par.h5;par;24.7842;12.1684;0.000311515
8;8;1;9;1024;19531;50;0.001;/home/training/dd-21-22-303/PPP-barbora/scripts/input_data_1024.h5;;par;22.3503;31.7687;0.00162658
8;8;1;9;1024;19531;50;0.001;/home/training/dd-21-22-303/PPP-barbora/scripts/input_data_1024.h5;/scratch/project/dd-21-22/dd-21-22-303/605229.isrv1/1024x1024_out_hybrid_1d_par.h5;par;22.3503;33.0913;0.0016943
8;8;1;9;1024;19531;50;0.001;/home/training/dd-21-22-303/PPP-barbora/scripts/input_data_1024.h5;/scratch/project/dd-21-22/dd-21-22-303/605229.isrv1/1024x1024_out_hybrid_1d_par.h5;par;22.3503;33.1747;0.00169856
8;8;1;9;1024;19531;50;0.001;/home/training/dd-21-22-303/PPP-barbora/scripts/input_data_1024.h5;;par;22.3503;21.9137;0.001122
8;8;1;9;1024;19531;50;0.001;/home/training/dd-21-22-303/PPP-barbora/scripts/input_data_1024.h5;/scratch/project/dd-21-22/dd-21-22-303/605229.isrv1/1024x1024_out_hybrid_1d_par.h5;par;22.3503;22.927;0.00117388
8;8;1;9;1024;19531;50;0.001;/home/training/dd-21-22-303/PPP-barbora/scripts/input_data_1024.h5;/scratch/project/dd-21-22/dd-21-22-303/605229.isrv1/1024x1024_out_hybrid_1d_par.h5;par;22.3503;23.1364;0.0011846
8;8;1;9;2048;9765;50;0.001;/home/training/dd-21-22-303/PPP-barbora/scripts/input_data_2048.h5;;par;21.1549;63.959;0.00654982
8;8;1;9;2048;9765;50;0.001;/home/training/dd-21-22-303/PPP-barbora/scripts/input_data_2048.h5;/scratch/project/dd-21-22/dd-21-22-303/605229.isrv1/2048x2048_out_hybrid_1d_par.h5;par;21.1549;67.4053;0.00690274
8;8;1;9;2048;9765;50;0.001;/home/training/dd-21-22-303/PPP-barbora/scripts/input_data_2048.h5;/scratch/project/dd-21-22/dd-21-22-303/605229.isrv1/2048x2048_out_hybrid_1d_par.h5;par;21.1549;66.3537;0.00679505
8;8;1;9;2048;9765;50;0.001;/home/training/dd-21-22-303/PPP-barbora/scripts/input_data_2048.h5;;par;21.1544;44.1441;0.00452064
8;8;1;9;2048;9765;50;0.001;/home/training/dd-21-22-303/PPP-barbora/scripts/input_data_2048.h5;/scratch/project/dd-21-22/dd-21-22-303/605229.isrv1/2048x2048_out_hybrid_1d_par.h5;par;21.1544;46.9959;0.00481269
8;8;1;9;2048;9765;50;0.001;/home/training/dd-21-22-303/PPP-barbora/scripts/input_data_2048.h5;/scratch/project/dd-21-22/dd-21-22-303/605229.isrv1/2048x2048_out_hybrid_1d_par.h5;par;21.1544;46.4541;0.0047572
8;8;1;9;4096;4882;50;0.001;/home/training/dd-21-22-303/PPP-barbora/scripts/input_data_4096.h5;;par;20.6287;128.122;0.0262438
8;8;1;9;4096;4882;50;0.001;/home/training/dd-21-22-303/PPP-barbora/scripts/input_data_4096.h5;/scratch/project/dd-21-22/dd-21-22-303/605229.isrv1/4096x4096_out_hybrid_1d_par.h5;par;20.6287;133.567;0.0273591
8;8;1;9;4096;4882;50;0.001;/home/training/dd-21-22-303/PPP-barbora/scripts/input_data_4096.h5;/scratch/project/dd-21-22/dd-21-22-303/605229.isrv1/4096x4096_out_hybrid_1d_par.h5;par;20.6287;133.415;0.0273279
8;8;1;9;4096;4882;50;0.001;/home/training/dd-21-22-303/PPP-barbora/scripts/input_data_4096.h5;;par;20.6244;88.7706;0.0181832
8;8;1;9;4096;4882;50;0.001;/home/training/dd-21-22-303/PPP-barbora/scripts/input_data_4096.h5;/scratch/project/dd-21-22/dd-21-22-303/605229.isrv1/4096x4096_out_hybrid_1d_par.h5;par;20.6244;93.9641;0.0192471
8;8;1;9;4096;4882;50;0.001;/home/training/dd-21-22-303/PPP-barbora/scripts/input_data_4096.h5;/scratch/project/dd-21-22/dd-21-22-303/605229.isrv1/4096x4096_out_hybrid_1d_par.h5;par;20.6244;93.0091;0.0190514
16;16;1;9;256;78125;50;0.001;/home/training/dd-21-22-303/PPP-barbora/scripts/input_data_256.h5;;par;29.2599;4.23903;5.42596e-05
16;16;1;9;256;78125;50;0.001;/home/training/dd-21-22-303/PPP-barbora/scripts/input_data_256.h5;/scratch/project/dd-21-22/dd-21-22-303/605229.isrv1/256x256_out_hybrid_1d_par.h5;par;29.2599;4.71291;6.03252e-05
16;16;1;9;256;78125;50;0.001;/home/training/dd-21-22-303/PPP-barbora/scripts/input_data_256.h5;/scratch/project/dd-21-22/dd-21-22-303/605229.isrv1/256x256_out_hybrid_1d_par.h5;par;29.2599;6.00377;7.68483e-05
16;16;1;9;256;78125;50;0.001;/home/training/dd-21-22-303/PPP-barbora/scripts/input_data_256.h5;;par;29.2599;3.36889;4.31218e-05
16;16;1;9;256;78125;50;0.001;/home/training/dd-21-22-303/PPP-barbora/scripts/input_data_256.h5;/scratch/project/dd-21-22/dd-21-22-303/605229.isrv1/256x256_out_hybrid_1d_par.h5;par;29.2599;3.88485;4.97261e-05
16;16;1;9;256;78125;50;0.001;/home/training/dd-21-22-303/PPP-barbora/scripts/input_data_256.h5;/scratch/project/dd-21-22/dd-21-22-303/605229.isrv1/256x256_out_hybrid_1d_par.h5;par;29.2599;5.08614;6.51026e-05
16;16;1;9;512;39062;50;0.001;/home/training/dd-21-22-303/PPP-barbora/scripts/input_data_512.h5;;par;24.7526;8.08458;0.000206968
16;16;1;9;512;39062;50;0.001;/home/training/dd-21-22-303/PPP-barbora/scripts/input_data_512.h5;/scratch/project/dd-21-22/dd-21-22-303/605229.isrv1/512x512_out_hybrid_1d_par.h5;par;24.7526;8.78154;0.00022481
16;16;1;9;512;39062;50;0.001;/home/training/dd-21-22-303/PPP-barbora/scripts/input_data_512.h5;/scratch/project/dd-21-22/dd-21-22-303/605229.isrv1/512x512_out_hybrid_1d_par.h5;par;24.7526;9.22747;0.000236226
16;16;1;9;512;39062;50;0.001;/home/training/dd-21-22-303/PPP-barbora/scripts/input_data_512.h5;;par;24.7526;5.74643;0.00014711
16;16;1;9;512;39062;50;0.001;/home/training/dd-21-22-303/PPP-barbora/scripts/input_data_512.h5;/scratch/project/dd-21-22/dd-21-22-303/605229.isrv1/512x512_out_hybrid_1d_par.h5;par;24.7526;6.43536;0.000164747
16;16;1;9;512;39062;50;0.001;/home/training/dd-21-22-303/PPP-barbora/scripts/input_data_512.h5;/scratch/project/dd-21-22/dd-21-22-303/605229.isrv1/512x512_out_hybrid_1d_par.h5;par;24.7526;6.88873;0.000176354
16;16;1;9;1024;19531;50;0.001;/home/training/dd-21-22-303/PPP-barbora/scripts/input_data_1024.h5;;par;22.3695;15.9497;0.000816638
16;16;1;9;1024;19531;50;0.001;/home/training/dd-21-22-303/PPP-barbora/scripts/input_data_1024.h5;/scratch/project/dd-21-22/dd-21-22-303/605229.isrv1/1024x1024_out_hybrid_1d_par.h5;par;22.3695;17.1152;0.000876311
16;16;1;9;1024;19531;50;0.001;/home/training/dd-21-22-303/PPP-barbora/scripts/input_data_1024.h5;/scratch/project/dd-21-22/dd-21-22-303/605229.isrv1/1024x1024_out_hybrid_1d_par.h5;par;22.3695;17.1878;0.000880028
16;16;1;9;1024;19531;50;0.001;/home/training/dd-21-22-303/PPP-barbora/scripts/input_data_1024.h5;;par;22.3695;11.2001;0.000573451
16;16;1;9;1024;19531;50;0.001;/home/training/dd-21-22-303/PPP-barbora/scripts/input_data_1024.h5;/scratch/project/dd-21-22/dd-21-22-303/605229.isrv1/1024x1024_out_hybrid_1d_par.h5;par;22.3695;12.2306;0.000626217
16;16;1;9;1024;19531;50;0.001;/home/training/dd-21-22-303/PPP-barbora/scripts/input_data_1024.h5;/scratch/project/dd-21-22/dd-21-22-303/605229.isrv1/1024x1024_out_hybrid_1d_par.h5;par;22.3695;12.6148;0.000645884
16;16;1;9;2048;9765;50;0.001;/home/training/dd-21-22-303/PPP-barbora/scripts/input_data_2048.h5;;par;21.1747;32.2419;0.00330178
16;16;1;9;2048;9765;50;0.001;/home/training/dd-21-22-303/PPP-barbora/scripts/input_data_2048.h5;/scratch/project/dd-21-22/dd-21-22-303/605229.isrv1/2048x2048_out_hybrid_1d_par.h5;par;21.1747;34.4192;0.00352475
16;16;1;9;2048;9765;50;0.001;/home/training/dd-21-22-303/PPP-barbora/scripts/input_data_2048.h5;/scratch/project/dd-21-22/dd-21-22-303/605229.isrv1/2048x2048_out_hybrid_1d_par.h5;par;21.1747;34.5573;0.0035389
16;16;1;9;2048;9765;50;0.001;/home/training/dd-21-22-303/PPP-barbora/scripts/input_data_2048.h5;;par;21.1743;22.019;0.00225489
16;16;1;9;2048;9765;50;0.001;/home/training/dd-21-22-303/PPP-barbora/scripts/input_data_2048.h5;/scratch/project/dd-21-22/dd-21-22-303/605229.isrv1/2048x2048_out_hybrid_1d_par.h5;par;21.1743;24.6247;0.00252173
16;16;1;9;2048;9765;50;0.001;/home/training/dd-21-22-303/PPP-barbora/scripts/input_data_2048.h5;/scratch/project/dd-21-22/dd-21-22-303/605229.isrv1/2048x2048_out_hybrid_1d_par.h5;par;21.1743;24.3348;0.00249204
16;16;1;9;4096;4882;50;0.001;/home/training/dd-21-22-303/PPP-barbora/scripts/input_data_4096.h5;;par;20.5767;64.9072;0.0132952
16;16;1;9;4096;4882;50;0.001;/home/training/dd-21-22-303/PPP-barbora/scripts/input_data_4096.h5;/scratch/project/dd-21-22/dd-21-22-303/605229.isrv1/4096x4096_out_hybrid_1d_par.h5;par;20.5767;69.9367;0.0143254
16;16;1;9;4096;4882;50;0.001;/home/training/dd-21-22-303/PPP-barbora/scripts/input_data_4096.h5;/scratch/project/dd-21-22/dd-21-22-303/605229.isrv1/4096x4096_out_hybrid_1d_par.h5;par;20.5767;68.8588;0.0141046
16;16;1;9;4096;4882;50;0.001;/home/training/dd-21-22-303/PPP-barbora/scripts/input_data_4096.h5;;par;20.5699;44.592;0.00913396
16;16;1;9;4096;4882;50;0.001;/home/training/dd-21-22-303/PPP-barbora/scripts/input_data_4096.h5;/scratch/project/dd-21-22/dd-21-22-303/605229.isrv1/4096x4096_out_hybrid_1d_par.h5;par;20.5699;50.0698;0.010256
16;16;1;9;4096;4882;50;0.001;/home/training/dd-21-22-303/PPP-barbora/scripts/input_data_4096.h5;/scratch/project/dd-21-22/dd-21-22-303/605229.isrv1/4096x4096_out_hybrid_1d_par.h5;par;20.5699;48.4858;0.00993154
32;32;1;9;256;78125;50;0.001;/home/training/dd-21-22-303/PPP-barbora/scripts/input_data_256.h5;;par;28.9893;2.30187;2.94639e-05
32;32;1;9;256;78125;50;0.001;/home/training/dd-21-22-303/PPP-barbora/scripts/input_data_256.h5;/scratch/project/dd-21-22/dd-21-22-303/605229.isrv1/256x256_out_hybrid_1d_par.h5;par;28.9893;2.83975;3.63488e-05
32;32;1;9;256;78125;50;0.001;/home/training/dd-21-22-303/PPP-barbora/scripts/input_data_256.h5;/scratch/project/dd-21-22/dd-21-22-303/605229.isrv1/256x256_out_hybrid_1d_par.h5;par;28.9893;5.83735;7.47181e-05
32;32;1;9;256;78125;50;0.001;/home/training/dd-21-22-303/PPP-barbora/scripts/input_data_256.h5;;par;28.9893;2.19495;2.80953e-05
32;32;1;9;256;78125;50;0.001;/home/training/dd-21-22-303/PPP-barbora/scripts/input_data_256.h5;/scratch/project/dd-21-22/dd-21-22-303/605229.isrv1/256x256_out_hybrid_1d_par.h5;par;28.9893;2.7517;3.52218e-05
32;32;1;9;256;78125;50;0.001;/home/training/dd-21-22-303/PPP-barbora/scripts/input_data_256.h5;/scratch/project/dd-21-22/dd-21-22-303/605229.isrv1/256x256_out_hybrid_1d_par.h5;par;28.9893;5.65327;7.23619e-05
32;32;1;9;512;39062;50;0.001;/home/training/dd-21-22-303/PPP-barbora/scripts/input_data_512.h5;;par;24.6398;4.15586;0.000106391
32;32;1;9;512;39062;50;0.001;/home/training/dd-21-22-303/PPP-barbora/scripts/input_data_512.h5;/scratch/project/dd-21-22/dd-21-22-303/605229.isrv1/512x512_out_hybrid_1d_par.h5;par;24.6398;4.90435;0.000125553
32;32;1;9;512;39062;50;0.001;/home/training/dd-21-22-303/PPP-barbora/scripts/input_data_512.h5;/scratch/project/dd-21-22/dd-21-22-303/605229.isrv1/512x512_out_hybrid_1d_par.h5;par;24.6398;6.02213;0.000154168
32;32;1;9;512;39062;50;0.001;/home/training/dd-21-22-303/PPP-barbora/scripts/input_data_512.h5;;par;24.6398;3.28305;8.40473e-05
32;32;1;9;512;39062;50;0.001;/home/training/dd-21-22-303/PPP-barbora/scripts/input_data_512.h5;/scratch/project/dd-21-22/dd-21-22-303/605229.isrv1/512x512_out_hybrid_1d_par.h5;par;24.6398;3.87845;9.92895e-05
32;32;1;9;512;39062;50;0.001;/home/training/dd-21-22-303/PPP-barbora/scripts/input_data_512.h5;/scratch/project/dd-21-22/dd-21-22-303/605229.isrv1/512x512_out_hybrid_1d_par.h5;par;24.6398;5.0735;0.000129883
32;32;1;9;1024;19531;50;0.001;/home/training/dd-21-22-303/PPP-barbora/scripts/input_data_1024.h5;;par;22.3553;8.07141;0.000413261
32;32;1;9;1024;19531;50;0.001;/home/training/dd-21-22-303/PPP-barbora/scripts/input_data_1024.h5;/scratch/project/dd-21-22/dd-21-22-303/605229.isrv1/1024x1024_out_hybrid_1d_par.h5;par;22.3553;9.25103;0.000473659
32;32;1;9;1024;19531;50;0.001;/home/training/dd-21-22-303/PPP-barbora/scripts/input_data_1024.h5;/scratch/project/dd-21-22/dd-21-22-303/605229.isrv1/1024x1024_out_hybrid_1d_par.h5;par;22.3553;9.54492;0.000488706
32;32;1;9;1024;19531;50;0.001;/home/training/dd-21-22-303/PPP-barbora/scripts/input_data_1024.h5;;par;22.3553;5.67387;0.000290506
32;32;1;9;1024;19531;50;0.001;/home/training/dd-21-22-303/PPP-barbora/scripts/input_data_1024.h5;/scratch/project/dd-21-22/dd-21-22-303/605229.isrv1/1024x1024_out_hybrid_1d_par.h5;par;22.3553;6.97982;0.000357372
32;32;1;9;1024;19531;50;0.001;/home/training/dd-21-22-303/PPP-barbora/scripts/input_data_1024.h5;/scratch/project/dd-21-22/dd-21-22-303/605229.isrv1/1024x1024_out_hybrid_1d_par.h5;par;22.3553;7.2722;0.000372342
32;32;1;9;2048;9765;50;0.001;/home/training/dd-21-22-303/PPP-barbora/scripts/input_data_2048.h5;;par;21.1818;15.9981;0.00163831
32;32;1;9;2048;9765;50;0.001;/home/training/dd-21-22-303/PPP-barbora/scripts/input_data_2048.h5;/scratch/project/dd-21-22/dd-21-22-303/605229.isrv1/2048x2048_out_hybrid_1d_par.h5;par;21.1818;18.656;0.0019105
32;32;1;9;2048;9765;50;0.001;/home/training/dd-21-22-303/PPP-barbora/scripts/input_data_2048.h5;/scratch/project/dd-21-22/dd-21-22-303/605229.isrv1/2048x2048_out_hybrid_1d_par.h5;par;21.1818;18.2477;0.00186868
32;32;1;9;2048;9765;50;0.001;/home/training/dd-21-22-303/PPP-barbora/scripts/input_data_2048.h5;;par;21.1816;11.3669;0.00116405
32;32;1;9;2048;9765;50;0.001;/home/training/dd-21-22-303/PPP-barbora/scripts/input_data_2048.h5;/scratch/project/dd-21-22/dd-21-22-303/605229.isrv1/2048x2048_out_hybrid_1d_par.h5;par;21.1816;13.9872;0.00143238
32;32;1;9;2048;9765;50;0.001;/home/training/dd-21-22-303/PPP-barbora/scripts/input_data_2048.h5;/scratch/project/dd-21-22/dd-21-22-303/605229.isrv1/2048x2048_out_hybrid_1d_par.h5;par;21.1816;13.4694;0.00137936
32;32;1;9;4096;4882;50;0.001;/home/training/dd-21-22-303/PPP-barbora/scripts/input_data_4096.h5;;par;20.5855;32.8167;0.00672199
32;32;1;9;4096;4882;50;0.001;/home/training/dd-21-22-303/PPP-barbora/scripts/input_data_4096.h5;/scratch/project/dd-21-22/dd-21-22-303/605229.isrv1/4096x4096_out_hybrid_1d_par.h5;par;20.5855;38.1293;0.00781018
32;32;1;9;4096;4882;50;0.001;/home/training/dd-21-22-303/PPP-barbora/scripts/input_data_4096.h5;/scratch/project/dd-21-22/dd-21-22-303/605229.isrv1/4096x4096_out_hybrid_1d_par.h5;par;20.5855;36.514;0.00747932
32;32;1;9;4096;4882;50;0.001;/home/training/dd-21-22-303/PPP-barbora/scripts/input_data_4096.h5;;par;20.5796;23.182;0.00474847
32;32;1;9;4096;4882;50;0.001;/home/training/dd-21-22-303/PPP-barbora/scripts/input_data_4096.h5;/scratch/project/dd-21-22/dd-21-22-303/605229.isrv1/4096x4096_out_hybrid_1d_par.h5;par;20.5796;29.2089;0.00598298
32;32;1;9;4096;4882;50;0.001;/home/training/dd-21-22-303/PPP-barbora/scripts/input_data_4096.h5;/scratch/project/dd-21-22/dd-21-22-303/605229.isrv1/4096x4096_out_hybrid_1d_par.h5;par;20.5796;27.0892;0.00554879
